{"train mse": 1.0368179082870483, "_timestamp": 1668117752.6681302, "_runtime": 11.320244073867798, "_step": 16, "test mse": 1.0717722177505493, "_wandb": {"runtime": 12}}