{"train mse": 6.10666561126709, "_timestamp": 1668117643.170532, "_runtime": 10.496725082397461, "_step": 16, "test mse": 5.2967963218688965, "_wandb": {"runtime": 12}}