{"train mse": 0.009033681824803352, "_timestamp": 1668117610.686699, "_runtime": 10.694342851638794, "_step": 16, "test mse": 0.00620444817468524, "_wandb": {"runtime": 12}}