{"train mse": 0.013602488674223423, "_timestamp": 1668044743.7441752, "_runtime": 79.39571714401245, "_step": 217, "test mse": 0.013253219425678253}