{"train mse": 0.029308611527085304, "_timestamp": 1668117014.5743492, "_runtime": 114.59578514099121, "_step": 228, "test mse": 0.01180354692041874}