{"train mse": 0.30747783184051514, "_timestamp": 1668117725.627593, "_runtime": 11.183833122253418, "_step": 16, "test mse": 0.24051202833652496, "_wandb": {"runtime": 12}}