{"train mse": 46.32389450073242, "_timestamp": 1668117669.737897, "_runtime": 9.618265867233276, "_step": 16, "test mse": 37.129432678222656, "_wandb": {"runtime": 12}}