{"train mse": 0.5979849696159363, "_timestamp": 1668117581.796582, "_runtime": 10.759443998336792, "_step": 16, "test mse": 0.6126639246940613, "_wandb": {"runtime": 12}}