{"train mse": 0.6828774809837341, "_timestamp": 1668117696.8102589, "_runtime": 9.821419954299927, "_step": 16, "test mse": 0.6469200253486633, "_wandb": {"runtime": 11}}